slug	field	old	new	rule	source_1	source_2	cross_check	flagged_by
abrau-dyurso-abrau-durso-brut-rose-reserve-pino-nuar-beloe-bryut-12	color	Белое	Розовое	два источника	фото карточки: «РОЗОВОЕ БРЮТ»	название: «Abrau-Durso Brut Rose Reserve»	портал: «Белое брют»; CSV «Цвет»: «Насыщенный розовый»	attr_audit S2 name-color; card_scan
abrau-dyurso-abrau-kupazh-krasnyy-polsusladkoe-kaberne-sovinon-krasnoe-polusladkoe-11	sugar	sladkoe	polusladkoe	два источника	фото карточки: «КРАСНОЕ ПОЛУСЛАДКОЕ»	название: «Абрау Купаж красный полсусладкое» — опечатка «полусладкое», сборка читала её как «сладкое»	slug: «…-krasnoe-polusladkoe-11»; портал: «Красное полусладкое»	attr_audit S2 slug-sugar
fanagoriya-fanagoriya-polusladkoe-rozovoe-sovinon-blan-krasnoe-11-13	color	Красное	Розовое	два источника	фото карточки: «SEMI-SWEET ROSE»	название: «Фанагория. Полусладкое розовое»	портал: «Красное полусладкое»; CSV «Цвет»: «Светло-розовый»	attr_audit S2 name-color; card_scan
igristoe-vino-endemy-bianka-bryut-beloe	color	Розовое	Белое	два источника	фото карточки: «БИАНКА БРЮТ Вино игристое белое»	название: «Эндемы Бианка брют белое»	slug: «…-bryut-beloe»; портал: «Розовое брют»	attr_audit S2 slug-color, name-color; card_scan
skalistyy-bereg-skb-roze-pino-nuar-beloe-ekstra-bryut-122	color	Белое	Розовое	два источника	фото карточки: «ROSE экстра брют 2021»	название: «СКБ. Розе»	портал: «Белое экстра брют»; CSV «Цвет»: «Розовое золото»	attr_audit S2 name-color; card_scan
vinodelnya-myshako-oranzhevoe-iz-belogo-gevyurtstraminer-krasnoe-suhoe-142	color	Красное	Оранжевое	два источника	фото карточки: «ОРАНЖЕВОЕ ИЗ БЕЛОГО», «ОРАНЖ» (ниже «СУХОЕ БЕЛОЕ» — совместимо)	название: «Оранжевое из Белого»	портал: «Красное сухое»; сорт Гевюрцтраминер	card_scan
novyy-svet-dom-shampanskih-vin-rossiyskoe-shampanskoe-kollektsionnoe-bryut-beloe-novyy-svet-kyuve-de-prestizh-pino-gri-millezim-rozovoe-125	color	Розовое	null	не решается	название: «…коллекционное брют белое…»	категория CSV: «Розовое»; фото карточки: цвета нет («Российское шампанское Pinot Gris Cuvee de Prestige»)	портал: «Розовое брют»; CSV «Цвет»: «Бледно-соломенный с золотистым отливом»	attr_audit S2 slug-color, name-color; card_scan
dubinin-winery-pino-nuar-bryut-roze-rozovoe-ekstra-bryut-125	sugar	brut	null	не решается	название: «Пино Нуар брют розе»	slug и категория: «экстра брют»; фото карточки: сахара нет («Пино Нуар. Вино игристое розовое»)	портал: «Розовое экстра брют»	attr_audit S2 slug-sugar
esse-demi-sec-muscat-nectar-muskat-belyy-beloe-ekstra-bryut-115	sugar	polusladkoe	null	не решается	название: «Demi-Sec Muscat Nectar»	slug: «…-ekstra-bryut-115»; фото карточки: «BRUT MUSCAT» — три разных значения	портал: «Белое экстра брют»	attr_audit S2 slug-sugar
vinogradniki-gay-kodzora-gewurztraminer-de-gai-kodzor-gevyurtstraminer-beloe-polusuhoe-135	sugar	polusuhoe	null	зависит от винтажа	slug товара krasnostop: «…-beloe-suhoe-vino-urozhaya-2013-goda» (2013 — сухое)	фото карточки: 2019, «Сахар 14,0 г/л» (не сухое)	портал: «Белое полусухое»; источник — slug krasnostop, кадр K0225 идёт отдельным отчётом	attr_audit S1 sugar
czitronnyj-magaracha	sugar	suhoe	null	зависит от винтажа	кадр R076: этикетка 2024 «БЕЛОЕ ПОЛУСУХОЕ»	портал: «Белое сухое» (из него сахар карточки); фото карточки (Screenshot_20): мелкий шрифт не читается	пункт плана «czitronnyj-magaracha — сахар зависит от винтажа»; R076 — кадр v2	ACCURACY_PLAN_0925 §3 Э4
oleg	grape	Олег	null	не решается	CSV «Сорт винограда»: «Олег» — это название вина «Олег»; в таксономии нет, в CSV встречается 1 раз	фото карточки (Screenshot_9): сорт не читается; другого источника сорта нет	кадры R091/R094: на этикетке «ОЛЕГ», «БЕЛОЕ СУХОЕ» — название, не сорт	ACCURACY_PLAN_0925 §3 Э4; attr_audit S3
