query_id	slug	in_catalog	acceptable	file	scene
R001	__none__	0		1.73_06-09-2026_14-54-06.webp	полка
R002	__none__	0		2.69_27-08-2026_14-29-00.webp	полка
R003	__none__	0		41.8_22-08-2026_20-56-40.webp	полка
R004	denisov_rubin_klaret_krasnaya_strelka	1		48.98_02-09-2026_18-34-15.webp	стол
R005	fanagoriya-velvet-season-muskat-ottonel-beloe-sladkoe-13	1		68.81_05-09-2026_15-46-31.webp	рука
R006	fanagoriya-formula-q-saperavi-krasnoe-suhoe-135	1	fanagoriya-formula-q-kaberne-sovinon-krasnoe-suhoe-135	70.45_04-09-2026_13-35-37.webp	полка
R007	__none__	0		72.97_09-09-2026_19-38-57.webp	полка
R008	skalistyj-bereg-shepot-czvetov	1	skalistyy-bereg-shyopot-tsvetov-risling-beloe-suhoe-109	82.33_27-08-2026_10-03-52.webp	полка
R009	zhemchuzhnaya-9-aligote-czitron	1		84.73_07-09-2026_11-07-51.webp	дегустация
R010	pobeda	1		87.09_22-08-2026_20-57-16.webp	полка
R011	relikta-relikta-sira-kaberne-fran-krasnoe-suhoe-13	1		87.54_03-09-2026_13-27-53.webp	рука
R012	__none__	0		87.6_20-08-2026_19-56-56.webp	дегустация
R013	__none__	0		87.81_09-09-2026_17-16-36.webp	полка
R014	massandra-muskatel-belyy-belye-sorta-vinograda-beloe-sladkoe-16	1		87.88_28-08-2026_16-56-20.webp	полка
R015	__none__	0		88.2_05-09-2026_16-29-06.webp	рука
R016	czitronnyj-magaracha-sovinon-blan	1		88.38_20-08-2026_18-32-58.webp	стол
R017	rozovoe-zoloto	1		89.65_19-08-2026_19-48-39.webp	полка
R018	__none__	0		90.5_02-09-2026_10-32-11.webp	полка
R019	aratti-kaberne-sovinon-2021-krasnoe-suhoe	1	aratti-kaberne-sovinon-2020-krasnoe-suhoe	91.07_20-08-2026_18-37-46.webp	дегустация
R020	merlo-2	1	merlo-litavshhuk	91.43_02-09-2026_12-08-50.webp	стол
R021	belaya-lvicza	1		92.21_19-08-2026_18-57-31.webp	полка
R022	aratti-kaberne-sovinon-2021-krasnoe-suhoe	1	aratti-kaberne-sovinon-2020-krasnoe-suhoe	92.6_07-09-2026_11-04-40.webp	стол
R023	denisov-winery-sovinon-blan-beloe-suhoe-115	1		92.94_21-08-2026_19-37-08.webp	стол
R024	aratti-kaberne-sovinon-2021-krasnoe-suhoe	1	aratti-kaberne-sovinon-2020-krasnoe-suhoe	92.96_19-08-2026_21-07-12.webp	рука
R025	__none__	0		92.99_02-09-2026_04-20-19.webp	полка
R026	golubitskoe-estate-noble-selection-red-blend-kaberne-sovinon-krasnoe-suhoe-136	1		93.31_05-09-2026_13-39-37.webp	рука
R027	denisov_pet_nat_rubin	1		93.43_05-09-2026_13-34-45.webp	рука
R028	zakat-denisov-vajneri	1		93.68_19-08-2026_20-44-28.webp	дегустация
R029	zakat-denisov-vajneri	1		93.84_02-09-2026_17-13-04.webp	дегустация
R030	__none__	0		93.95_05-09-2026_15-29-36.webp	рука
R031	golubitskoe-estate-chardonnay	1		93.97_28-08-2026_16-02-48.webp	стол
R032	rubin-golodrigi	1		94.02_24-08-2026_17-46-57.webp	полка
R033	__none__	0		94.43_05-09-2026_15-29-25.webp	рука
R034	denisov_pazori_risling	1		94.55_02-09-2026_16-53-08.webp	дегустация
R035	derbent-vino-desono-kaberne-sovinon-krasnoe-suhoe-125	1		94.72_21-08-2026_15-41-48.webp	полка
R036	czitronnyj-magaracha-sovinon-blan	1		94.7_25-08-2026_15-52-07.webp	стол
R037	__none__	0		94.83_27-08-2026_14-29-28.webp	рука
R038	__none__	0		94.8_01-09-2026_10-10-02.webp	полка
R039	denisov-winery-sovinon-blan-beloe-suhoe-115	1		94.94_05-09-2026_15-04-50.webp	дегустация
R040	zhemchuzhnaya-9-pino-nuar-muskat-rozovyj-2	1		94.97_02-09-2026_19-01-48.webp	полка
R041	fanagoriya-zelyonoe-vino-risling-tsitronnyy-magaracha-beloe-polusuhoe-11	1		95.03_04-09-2026_11-39-35.webp	рука
R042	__none__	0		95.07_01-09-2026_16-15-35.webp	полка
R043	__none__	0		95.17_29-08-2026_11-06-42.webp	полка
R044	__none__	0		95.19_05-09-2026_15-32-06.webp	дегустация
R045	zhemchuzhnaya-9-czitron-shardone-1	1		95.24_19-08-2026_20-00-22.webp	полка
R046	__none__	0		95.29_21-08-2026_17-24-49.webp	полка
R047	aratti-kaberne-po-belomu-1	1		95.2_05-09-2026_13-54-13.webp	рука
R048	sovinon-blan	1		95.32_02-09-2026_12-09-23.webp	стол
R049	__none__	0		95.35_05-09-2026_15-29-53.webp	дегустация
R050	winemaker-selection	1		95.36_28-08-2026_17-09-04.webp	полка
R051	zhemchuzhnaya-9-pino-nuar-muskat-rozovyj-2	1		95.49_05-09-2026_15-34-51.webp	дегустация
R052	rubin-golodrigi	1		95.63_24-08-2026_17-47-43.webp	полка
R053	uva-vallis-risling	1		95.75_02-09-2026_14-47-49.webp	дегустация
R054	denisov_barynya_kurmyshi	1		95.76_23-08-2026_18-19-43.webp	дегустация
R055	fanagoriya-zelyonoe-vino-risling-tsitronnyy-magaracha-beloe-polusuhoe-11	1		95.88_02-09-2026_14-41-59.webp	рука
R056	roze-2	1		95.8_19-08-2026_19-33-23.webp	полка
R057	denisov-winery-sovinon-blan-beloe-suhoe-115	1		95.8_19-08-2026_20-47-59.webp	дегустация
R058	__none__	0		96.05_28-08-2026_09-14-57.webp	рука
R059	golubitskoe-estate-kaberne-sovinon-krasnoe-suhoe-137	1		96.07_28-08-2026_16-10-06.webp	полка
R060	zhemchuzhnaya-9-czitron-shardone-1	1		96.08_22-08-2026_15-12-27.webp	дегустация
R061	golubitskoe-estate-merlo-krasnoe-suhoe-135	1		96.08_28-08-2026_16-29-50.webp	полка
R062	__none__	0		96.11_22-08-2026_21-29-20.webp	стол
R063	roze-2	1		96.13_19-08-2026_19-33-10.webp	полка
R064	roze-2	1		96.15_22-08-2026_20-56-09.webp	полка
R065	zhemchuzhnaya-9-pino-nuar-muskat-rozovyj-1	1		96.27_20-08-2026_16-26-30.webp	рука
R066	denisov-winery-sovinon-blan-beloe-suhoe-115	1		96.29_21-08-2026_19-39-02.webp	стол
R067	__none__	0		96.2_28-08-2026_09-13-27.webp	рука
R068	__none__	0		96.2_28-08-2026_19-25-29.webp	рука
R069	aratti-kaberne-po-belomu	1		96.31_09-09-2026_19-29-01.webp	рука
R070	bukovinka	1		96.31_21-08-2026_17-24-55.webp	полка
R071	__none__	0		96.3_08-09-2026_10-53-14.webp	полка
R072	__none__	0		96.3_28-08-2026_09-12-56.webp	рука
R073	__none__	0		96.42_22-08-2026_21-29-43.webp	стол
R074	__none__	0		96.44_05-09-2026_15-33-59.webp	рука
R075	abrau-dyurso-russkoe-igristoe-polusuhoe-rozovoe-pino-nuar-12	1		96.45_02-09-2026_14-19-06.webp	полка
R076	czitronnyj-magaracha	1		96.45_19-08-2026_19-35-28.webp	дегустация
R077	__none__	0		96.53_03-09-2026_16-39-17.webp	полка
R078	denisov-winery-risling-beloe-suhoe-115	1		96.54_04-09-2026_19-30-52.webp	рука
R079	novyy-svet-dom-shampanskih-vin-novyy-svet-polusladkoe-roze-shardone-rozovoe-115	1		96.55_30-08-2026_19-34-31.webp	рука
R080	fanagoriya-zelyonoe-vino-risling-tsitronnyy-magaracha-beloe-polusuhoe-11	1		96.58_05-09-2026_16-05-04.webp	рука
R081	balaklava-muskat-beloe-polusladkoe	1		96.61_28-08-2026_09-16-27.webp	рука
R082	fanagoriya-zelyonoe-vino-risling-tsitronnyy-magaracha-beloe-polusuhoe-11	1		96.62_07-09-2026_18-12-27.webp	рука
R083	__none__	0		96.64_26-08-2026_16-52-37.webp	полка
R084	kaberne-sovinon-3	1		96.65_02-09-2026_12-08-51.webp	стол
R085	perovskih_polusuhoe_krasnoe	1		96.66_22-08-2026_20-44-40.webp	другое
R086	__none__	0		96.67_27-08-2026_17-47-05.webp	рука
R087	usadba-mezyb-shishka-kupazh-5-kaberne-sovinon-rozovoe-suhoe-133	1		96.74_28-08-2026_13-52-26.webp	рука
R088	pozdnij-sbor-krasnoe	1		96.76_07-09-2026_14-57-04.webp	дегустация
R089	__none__	0		96.77_24-08-2026_14-10-46.webp	полка
R090	czitronnyj-magaracha	1		96.78_25-08-2026_18-04-42.webp	дегустация
R091	oleg	1		96.79_20-08-2026_17-48-31.webp	дегустация
R092	vinodelnya-vedernikov-vedernikov-dolina-dona-beloe-suhoe-aligote-12	1		96.79_28-08-2026_22-05-22.webp	полка
R093	__none__	0		96.7_28-08-2026_13-50-21.webp	рука
R094	oleg	1		96.83_20-08-2026_17-48-13.webp	дегустация
R095	__none__	0		96.8_25-08-2026_22-20-38.webp	рука
R096	denisov_rubin_klaret_krasnaya_strelka	1		96.96_05-09-2026_19-02-01.webp	рука
R097	czitronnyj-magaracha	1		96.98_19-08-2026_19-05-06.webp	дегустация
R098	__none__	0		97.02_29-08-2026_18-49-02.webp	стол
R099	__none__	0		97.08_05-09-2026_15-30-50.webp	рука
R100	__none__	0		97.23_05-09-2026_15-34-36.webp	дегустация
