slug	wine_id	issue	evidence	field_frames
di-caspico-rozovoe-bryut	W1101	redesign	разметка M229, M394; глазами: эталон — белая этикетка с розовым солнцем «DI CASPICO брют розовое, сделано в Дагестане», на полке чёрная этикетка с золотым полусолнцем и розовыми волнами	M229,M394
shato-pino-kaberne-fran-kaberne-sovinon-krasnoe-suhoe-135	W2021	redesign	разметка M255, M286; глазами: эталон — «Каберне Фран/Каберне Совиньон 2019» с розовой спиралью и колесом обозрения, на полке белая «ГРАВИТАЦИЯ» с пёстрой улиткой (2023, 2024)	M255,M286
abrau-dyurso-abrau-kupazh-tyomnyy-suhoe-kaberne-sovinon-krasnoe-13	W0633	redesign	разметка M482; глазами: эталон — кремовая этикетка «Винный дом АБРАУ красное сухое» с фургоном, на полке красная «ABRAU COLLECTION» с тем же фургоном	M482
fanagoriya-beloe-polusladkoe	W1890	redesign	разметка M218; глазами: эталон — тёмная бутылка с жёлтой этикеткой «ПОЛУСЛАДКОЕ FANAGORIA», на полке светлая этикетка «FANAGORIA SEMI-SWEET MÉTHODE CHARMAT» со щитом	M218
inkerman-shato-blan	W1239	redesign	разметка M549; глазами: эталон — тёмная этикетка с шато «ШАТО БЛАН вино полусухое белое», на полке светлая «INKERMAN Классическая коллекция, ручной сбор, вино полусухое белое» с воротами	M549
inkermanskiy-zmv-inkerman-muskat-polusladkoe-beloe-13	W1242	redesign	реестр M151, разметка M151; глазами: эталон — тёмная шампанская бутылка с золотой квадратной этикеткой «INKERMAN SEMI-SWEET MUSCAT», на полке кремовая этикетка с башней «19 61 INKERMAN МУСКАТ Semi-sweet игристое»	M151
kuban-vino-shato-tamane-rkatsiteli-myuller-turgau-shardone-2025-beloe-suhoe-12	W1325	redesign	реестр M378, разметка M378; глазами: эталон — чёрно-белый фотопейзаж с крупным «BLANC» и жёлтой плашкой, на полке серая этикетка «BLANC sec wine sunny & refreshing 2025»	M378
merlo-litavshhuk	W1364	redesign	реестр R020, разметка R020; глазами: эталон черновика — белый редизайн «Litavshchuk Vineyards & Winery Merlot 2022», на кадре старая бордовая «Семейная винодельня Литавщуков Мерло»	R020
shato-pino-pino-nuar-pino-gri-rozovoe-suhoe-115	W2036	redesign	реестр M111, разметка M111; глазами: эталон — старая розовая этикетка с улиткой, на полке белая «ГРАВИТАЦИЯ … ПИНО НУАР ПИНО ГРИ РОЗОВОЕ СУХОЕ 2021», тот же дизайн, что у эталона ответа сканера (Пино Нуар-Саперави)	M111
sober-bash-krasnostop-krasnostop-zolotovskiy-krasnoe-suhoe-14	W1662	redesign	разметка M195; глазами: эталон — чёрная этикетка с золотым орнаментом «КРАСНОСТОП 2022», на полке белая фактурная «СОБЕР БАШ КРАСНОСТОП»	M195
vinodelnya-vedernikov-gubernatorskoe-golubok-krasnoe-suhoe-11	W0826	redesign	реестр M285, разметка M285; глазами: эталон — красно-чёрная хохлома «Вина Ведерниковъ Губернаторское Голубок», на полке бордовая «Ведерниковъ … Долина Дона» с вышитыми цветами	M285
fanagoriya-velvet-season-muskat-ottonel-beloe-sladkoe-13	W1965	wrong_photo	перепроверка s2_7, реестр R005; глазами: на эталоне красное «VELVET SEASON SAPERAVI десертное» (такой карточки в каталоге нет); кадр R005 — белый Velvet Season MUSCAT	R005
skalistyy-bereg-shyopot-tsvetov-risling-beloe-suhoe-109	W1628	wrong_photo	перепроверка intra_11, разметка R008; глазами: на эталоне красное «ВЕТЕР В ТРАВАХ» с маками	R008
shardone-rezerv	W1856	redesign	глазами: эталон дампа — зелёная бутылка, кремовая этикетка «Усадьба Перовских ШАРДОНЕ Резерв»; у вина сменилось оформление	
shato-pino-gravitatsiya-kaberne-sovinon-merlo-krasnoe-suhoe-135	W2019	redesign	заметка повторной проверки M286; глазами: карточка «Гравитация. Каберне Совиньон-Мерло», а эталон — старый дизайн с розовой спиралью; эталон карточки без «Гравитации» (shato-pino-kaberne-sovinon-merlo-krasnoe-suhoe-135, W2023) — наоборот, в дизайне «Гравитация»	
abrau-dyurso-az-abrau-bayanshira-beloe-suhoe-12	W0635	wrong_photo	перепроверка s3_1 (тот же файл, cos 1,0); глазами: на эталоне чёрная этикетка «MADRASA AZ ABRAU», красное — это Az Abrau Мадраса, а карточка Баяншира белое	
agora-yachting-cabernet-sauvignon	W0024	wrong_photo	перепроверка s3_2; глазами: на эталоне этикетка «AGORA SAUVIGNON white dry wine» на красной бутылке, файл Agora_Rezerv_Yahting_Sovinon_kopiya — макет Совиньона	
agrolayn-heritage-dg-skin-contact-rkatsiteli-rkatsiteli-krasnoe-suhoe-12	W0674	wrong_photo	перепроверка s3_3; глазами: на эталоне «HERITAGE DG skin contact CABERNET SAUVIGNON ANTEY MARSELAN SAPERAVI 2022» — это Heritage DG Red, а карточка Ркацители	
agrolayn-mountain-eagle-traminer-traminer-beloe-suhoe-12	W0685	wrong_photo	перепроверка s3_4; глазами: на эталоне «MOUNTAIN EAGLE … SEMILLON» — это Mountain Eagle Semillon	
belmas-winery-syrah-katya-sira-krasnoe-suhoe-125	W0124	wrong_photo	перепроверка s3_6, intra_32; глазами: на эталоне белое вино в рислинговой бутылке «Katya» — это Riesling Katya	
belmas-winery-vi-vione-beloe-suhoe-122	W0125	wrong_photo	перепроверка s3_5; глазами: на эталоне чёрная этикетка «Pn Belmas 2023» — это Belmas Pn (Пино Нуар), а карточка Vi (Вионье)	
chateau-le-grand-vostock-krasnostop-rezerv-krasnoe-suhoe-145	W1979	wrong_photo	перепроверка s3_7; глазами: на эталоне «ШАТО АЙ-ДАНИЛЬ ГРЕНАШ 2023» — чужая винодельня	
derbent-vino-endemy-saperavi-krasnoe-suhoe-13	W1119	wrong_photo	перепроверка s3_8, intra_17; глазами: на эталоне «ЭНДЕМЫ МЕРЛО красное сухое» с козлом — это Эндемы Мерло	
derbent-vino-endemy-shardone-beloe-suhoe-13	W1117	wrong_photo	перепроверка s3_9, s1_22; глазами: на эталоне игристая бутылка с мюзле «ЭНДЕМЫ ШАРДОНЕ брют» — это игристое Эндемы Шардоне брют	
esse-demi-sec-muscat-nectar-muskat-belyy-beloe-ekstra-bryut-115	W0283	wrong_photo	перепроверка s3_10 (тот же файл); глазами: на эталоне игристое «ESSE BRUT MUSCAT» — это ESSE Мускат брют	
fanagoriya-velvet-season-risling-beloe-sladkoe-12	W1966	wrong_photo	перепроверка s2_7, реестр R005; глазами: на эталоне красное «VELVET SEASON CABERNET десертное» (такой карточки в каталоге нет)	
legato-legato-sovinon-blan-beloe-suhoe-125	W0418	wrong_photo	перепроверка s3_12; глазами: на эталоне «LEGATO Sauvignon blanc … Mtsvane 2020» — это купаж Совиньон Блан-Мцване	
method-classic-kokur	W0930	wrong_photo	перепроверка s3_13 (тот же файл DSC00836); глазами: на эталоне розовое «ДВА БРАТА ПИНО НУАР 2025»	
novyj-svet-vyderzhannoe-bryut	W1540	wrong_photo	перепроверка s3_15; глазами: на эталоне «НОВЫЙ СВЕТЪ ВЫДЕРЖАННОЕ 2020 ПОЛУСЛАДКОЕ» — это полусладкое	
one-barrel-uan-barrel	W0523	wrong_photo	strict-пара эталонов cos 0,997; глазами: на эталоне черновика Chardonnay бутылка «OBDM PN 2024»	
pinot-noir-2024-one-barrel-by-dmitry-maslov-pino-nuar-2024-uan-barrel-dmitrij-maslov	W0526	wrong_photo	README_v2 (strict-пара cos 0,999); глазами: на эталоне черновика Pinot Noir бутылка «OBDM CH 2024»	
sober-bash-kaberne-fran-krasnoe-suhoe-127	W1658	wrong_photo	перепроверка intra_14; глазами: на эталоне белая этикетка «СОБЕР БАШ КРАСНОСТОП 2023» — это Красностоп в новом дизайне	
sober-bash-risling-risling-reynskiy-beloe-suhoe-11	W1666	wrong_photo	перепроверка intra_15, s1_3 (sha1 общий с Пухляковским); глазами: на эталоне «СОБЕР БАШ ПУХЛЯКОВСКИЙ 2024»	
valeriy-zaharin-bastardo-kefesiya-avtohtonnoe-vino-kryma-bastardo-magarachskiy-krasnoe-suhoe-115	W0797	wrong_photo	разметка M485, R083 (catalog_error); глазами: на эталоне «ВАЛЕРИЙ ЗАХАРЬИН Авторское вино … КАБЕРНЕ СОВИНЬОН 2022» (такой карточки нет; кадры M485, R083 вне каталога)	
vibes-vermentino-viognier-barrel-fermented-2022	W0575	wrong_photo	перепроверка intra_16; глазами: на эталоне VIBES с подписью Silvaner 2022 Barrel Fermented (файл 03_Silvaner_2022_Barrel_Fermented)	
vinodelnya-vedernikov-tsimlyanskiy-chernyy-rezerv-krasnoe-suhoe-145	W0842	wrong_photo	перепроверка corrections (check W0842); глазами: эталон — «Ведерниковъ Резерв. Красностоп Золотовский, Каберне Совиньон, Цимлянский черный 2021», тот же снимок, что у W0846 «Губернаторское Резерв» (купаж)	
